time,open,high,low,close,vwap,volume,count
1655251200,22108.99,22750.00,20095.03,22534.29,21134.13,704.75600508,5946
1655337600,22581.44,22922.33,20203.09,20375.14,21475.83,412.07156668,3875
1655424000,20308.51,21317.52,20208.80,20439.21,20715.92,225.54329203,3411
1655510400,20439.21,20723.36,17576.51,18980.74,18965.61,641.09495126,6769
1655596800,18958.74,20761.16,17959.40,20581.49,19425.74,279.25229467,4552
1655683200,20584.52,21002.00,19626.11,20550.10,20263.14,342.21175744,4526
1655769600,20550.80,21681.25,20356.96,20702.18,21088.98,187.77720125,2851
1655856000,20682.06,20862.54,19773.04,19926.38,20302.53,130.17327053,2970
1655942400,19957.80,21160.11,19883.33,21090.91,20426.66,473.90591587,3139
1656028800,21058.03,21500.00,20746.29,21225.08,21144.25,217.79640985,2510
1656115200,21215.77,21574.35,20899.80,21530.50,21268.17,88.19179052,1610
1656201600,21473.71,21853.08,20981.30,20987.72,21400.75,113.88558080,1775
1656288000,21014.63,21495.11,20519.00,20708.68,21182.57,288.95171486,2515
1656374400,20776.61,21178.99,20193.13,20256.33,20685.02,125.32512565,2019
1656460800,20266.55,20396.95,19855.00,20083.72,20102.64,254.69108420,2743
1656547200,20077.15,20117.84,18642.87,19925.71,19283.42,266.99632027,6213
1656633600,19928.41,20842.06,18980.07,19235.37,19613.03,170.74463493,3393
1656720000,19268.45,19406.37,18979.76,19238.53,19201.70,57.02070748,1165
1656806400,19249.99,19600.60,18779.29,19292.66,19233.29,136.42522086,1971
1656892800,19294.59,20324.00,19056.29,20205.42,19750.38,179.03914028,2381
1656979200,20181.66,20686.80,19300.00,20185.88,20036.50,259.39956183,3318
1657065600,20178.50,20570.72,19786.19,20552.34,20147.32,111.22985359,2350
1657152000,20563.48,21842.70,20257.90,21636.45,21073.84,181.97709669,2239
1657238400,21639.98,22468.24,21162.90,21596.67,21728.55,194.05779378,2661
1657324800,21591.74,21937.46,21343.35,21579.20,21606.84,44.87699255,1287
1657411200,21593.69,21596.59,20667.16,20853.08,21059.39,77.56217626,1686
1657497600,20809.90,20812.42,19877.47,19945.15,20421.47,85.24372521,1900
1657584000,19945.00,20029.27,19255.80,19303.86,19752.27,93.31266066,1968
1657670400,19311.24,20301.33,18870.00,20226.75,19634.35,209.32989214,2975
1657756800,20221.96,20859.39,19645.47,20570.31,20113.18,164.88824841,2160
1657843200,20577.54,21188.83,20397.02,20844.17,20836.72,127.81227387,1916
1657929600,20804.99,21597.05,20481.48,21197.43,21059.28,114.63749111,1559
1658016000,21197.44,21650.00,20773.90,20830.19,21225.64,59.47139187,1384
1658102400,20788.35,22750.00,20775.75,22483.31,22040.92,289.97645468,4176
1658188800,22459.26,23777.23,21608.27,23375.23,22750.62,274.22996757,4686
1658275200,23393.87,24252.11,22900.11,23219.71,23512.47,245.78225593,4067
1658361600,23214.67,23410.49,22350.00,23159.13,22841.63,214.53708455,3367
1658448000,23154.37,23749.08,22523.58,22680.37,23244.09,163.69437562,2390
1658534400,22672.01,23004.12,21965.89,22474.22,22393.34,103.63119413,1961
1658620800,22465.51,22989.31,22316.86,22581.54,22654.91,54.31947110,1462
1658707200,22595.88,22602.25,21277.69,21302.37,21976.66,119.26753192,2421
1658793600,21300.04,21310.51,20748.27,21276.94,21003.49,114.08815706,2103
1658880000,21276.79,23100.00,21055.95,22966.93,22077.32,159.60100017,2871
1658966400,22968.07,24171.57,22594.51,23859.65,23353.05,202.55804853,3379
1659052800,23868.38,24451.80,23419.63,23792.72,23882.37,115.85562685,2495
1659139200,23784.63,24692.58,23546.59,23657.56,24158.12,94.04332939,2006
1659225600,23652.16,24169.07,23217.50,23300.99,23763.07,67.13137752,1469
1659312000,23288.97,23495.13,22846.42,23323.47,23095.09,120.20713187,2281
1659398400,23269.96,23482.92,22685.30,22985.50,22988.42,47.70079149,1856
1659484800,22985.51,23639.03,22723.07,22810.21,23298.79,76.66347456,1729
1659571200,22838.74,23227.91,22403.00,22623.82,22773.91,75.61331502,1454
1659657600,22614.13,23457.39,22614.13,23307.80,23121.79,127.07569517,1834
1659744000,23312.49,23328.86,22950.00,22979.31,23184.73,29.14664637,760
1659830400,22965.36,23400.00,22867.31,23181.09,23099.84,44.96666199,951
1659916800,23191.00,24244.54,23191.00,23787.88,23874.19,164.52430621,2141
1660003200,23819.01,23904.17,22896.33,23157.06,23389.90,92.61492356,1348
1660089600,23131.34,24268.50,22681.04,23964.94,23580.26,200.31525018,2394
1660176000,23970.54,24904.18,23885.91,23946.66,24478.93,185.44250113,2242
1660262400,23951.11,24481.68,23627.86,24421.21,23972.90,131.28845235,1526
1660348800,24421.20,25000.00,24316.99,24451.98,24544.93,115.80581404,1452
1660435200,24439.42,25015.29,24174.36,24313.72,24477.00,72.26941404,1441
1660521600,24304.12,25194.81,23749.44,24100.47,24396.50,73.80606807,1828
1660608000,24099.92,24237.97,23700.00,23875.75,23907.98,107.13804958,1528
1660694400,23849.53,24439.57,23200.00,23332.03,23755.57,112.72144857,2019
1660780800,23332.99,23590.39,23139.84,23200.68,23352.03,76.91337436,1373
1660867200,23151.83,23151.83,20810.10,20860.26,22094.56,325.49428837,3979
1660953600,20858.06,21373.18,20796.23,21160.14,21202.48,69.53760979,1493
1661040000,21129.79,21767.26,21078.91,21521.63,21457.70,62.23739783,1191
1661126400,21521.17,21521.17,20912.52,21404.31,21185.28,39.66803803,1560
1661212800,21394.53,21683.56,20921.12,21530.00,21427.24,95.92566301,1621
1661299200,21527.20,21888.00,21172.44,21379.48,21535.59,37.88366351,1360
1661385600,21379.48,21795.91,21329.24,21594.31,21552.87,124.45355249,1515
1661472000,21581.65,21850.15,20138.60,20234.50,20913.97,225.99544463,2937
1661558400,20230.12,20347.88,19791.12,20028.59,20068.63,151.02970314,1798
1661644800,20023.02,20166.03,19531.39,19551.80,19890.91,103.87967829,1554
1661731200,19547.29,20402.81,19547.29,20293.74,20035.78,120.96393717,1904
1661817600,20269.01,20572.22,19574.22,19795.03,20077.78,150.01696491,2257
1661904000,19809.70,20463.40,19809.70,20049.87,20230.08,119.50678518,1858
1661990400,20044.89,20191.25,19588.29,20125.20,19885.46,55.06691172,1683
1662076800,20104.82,20455.70,19773.26,19964.07,20119.55,66.13287425,1497
1662163200,19976.76,20040.89,19670.74,19830.13,19784.74,50.19280803,985
1662249600,19831.81,20004.47,19606.20,19998.71,19824.76,35.97762474,1063
1662336000,20013.07,20051.37,19653.13,19796.27,19782.40,60.57988519,1253
1662422400,19806.20,20163.84,18650.00,18801.00,19433.36,277.09666708,3349
1662508800,18800.00,19450.00,18542.79,19282.81,18899.57,107.03165792,2580
1662595200,19282.81,19437.69,19031.19,19332.31,19245.04,78.16496883,1821
1662681600,19326.97,21564.31,19308.34,21379.62,20859.66,253.96043711,4530
1662768000,21382.97,21800.00,21151.36,21659.67,21474.67,169.81802197,2313
1662854400,21658.79,21850.21,21371.62,21850.21,21605.32,92.02632429,1635
1662940800,21823.33,22495.00,21581.71,22397.14,22154.71,189.86266478,3202
1663027200,22395.01,22767.39,19895.23,20181.63,21473.02,301.92180131,4160
1663113600,20172.05,20513.34,19605.26,20234.83,20057.45,227.81785054,2979
1663200000,20216.37,20339.34,19529.68,19688.96,19938.33,127.44643353,2779
1663286400,19688.96,19877.15,19347.87,19779.90,19579.88,232.88466581,2167
1663372800,19798.23,20179.61,19769.66,20122.85,19962.78,143.22962124,2488
1663459200,20090.80,20092.10,19359.60,19415.79,19714.70,57.08234659,1440
1663545600,19418.13,19666.95,18279.88,19576.86,18849.50,257.68295860,4018
1663632000,19560.96,19617.08,18742.62,18896.93,19173.28,118.23824136,2286
1663718400,18880.90,19867.28,18167.98,18502.93,19040.92,358.93672271,4051
1663804800,18470.68,19500.00,18379.17,19417.53,19038.41,111.69674356,2476
1663891200,19411.36,19475.50,18553.70,19298.91,19027.92,114.80691338,2231
1663977600,19291.28,19293.06,18822.42,18928.57,19088.90,61.40730769,1142
1664064000,18919.58,19154.18,18654.61,18800.43,18935.52,107.10280278,1289
1664150400,18779.07,19303.03,18705.09,19235.58,19132.70,103.02824346,1795
1664236800,19226.56,20362.20,18832.86,19100.58,19837.18,212.91062884,3280
1664323200,19094.49,19799.40,18480.12,19410.36,19224.96,222.59704873,2936
1664409600,19417.81,19624.61,18827.98,19591.76,19363.48,188.36967793,2827
1664496000,19600.00,20192.76,19166.67,19424.19,19576.84,196.42357998,3517
1664582400,19459.70,19469.13,19188.41,19322.21,19320.86,81.48892285,1464
1664668800,19321.65,19385.03,18939.90,19053.11,19205.05,82.68319070,1871
1664755200,19075.75,19700.00,19000.82,19633.49,19390.07,83.45087384,1762
1664841600,19620.61,20500.00,19512.71,20340.50,20030.05,239.52222210,2425
1664928000,20338.87,20346.27,19738.80,20188.16,20103.77,93.52541397,1526
1665014400,20148.44,20444.79,19896.15,19950.53,20193.95,223.81884981,1603
1665100800,19985.74,20054.34,19347.87,19553.48,19740.77,95.27445632,1357
1665187200,19532.55,19619.81,19229.29,19415.15,19444.62,49.70930940,1046
1665273600,19435.28,19551.08,19336.10,19448.40,19433.50,52.27194851,896
1665360000,19438.19,19534.68,19026.90,19144.05,19285.60,65.46862736,1400
1665446400,19126.93,19251.91,18875.00,19034.99,19053.12,64.34735556,1420
1665532800,19029.66,19217.49,18999.78,19153.44,19118.63,33.07348533,898
1665619200,19151.48,19500.00,18156.61,19382.75,18749.53,219.90140903,3246
1665705600,19387.28,19933.00,19059.20,19192.25,19529.09,137.68391796,1762
1665792000,19191.48,19221.07,18978.90,19073.32,19103.34,62.22826620,752
1665878400,19088.24,19413.41,19088.24,19258.76,19193.77,51.50723196,848
1665964800,19274.66,19660.05,19170.43,19572.07,19476.17,64.37544021,1106
1666051200,19552.83,19701.54,19102.91,19327.09,19435.25,79.71708112,1203
1666137600,19330.77,19347.41,19100.00,19128.55,19232.26,44.86070452,805
1666224000,19131.11,19326.44,18926.65,19044.23,19112.15,45.51261767,832
1666310400,19047.64,19239.97,18659.62,19181.04,18956.08,120.77492309,1279
1666396800,19168.09,19261.60,19118.15,19205.14,19179.47,21.07317076,466
1666483200,19215.83,19673.75,19099.16,19541.67,19427.34,50.41736832,692
1666569600,19565.40,19583.55,19164.26,19332.69,19335.18,52.54070031,912
1666656000,19314.85,20399.99,19255.97,20093.97,19833.48,176.59820759,1747
1666742400,20114.31,21000.00,20080.51,20769.78,20643.26,164.55327032,2078
1666828800,20769.37,20879.53,20221.55,20289.09,20594.06,100.28809268,1331
1666915200,20293.02,20730.77,20043.33,20611.62,20426.84,96.86056966,1344
1667001600,20582.58,21059.10,20578.34,20817.86,20790.64,65.45181876,1187
1667088000,20833.61,20925.28,20534.63,20631.21,20707.16,71.12304490,1043
1667174400,20638.80,20823.53,20261.00,20498.14,20483.97,49.60206777,1148
1667260800,20478.07,20684.17,20352.84,20484.87,20500.13,53.86883253,1199
1667347200,20477.26,20827.38,20068.98,20136.73,20416.11,127.01097398,1864
1667433600,20146.57,20391.97,20063.67,20194.60,20256.36,36.99486834,1089
1667520000,20189.59,21270.57,20189.59,21149.58,20816.28,110.46063762,2132
1667606400,21143.49,21496.30,21110.74,21284.92,21362.47,74.49062690,1403
1667692800,21305.36,21357.26,20913.39,20927.38,21162.37,31.71806035,930
1667779200,20920.30,21043.22,20384.80,20593.55,20756.03,130.58754033,1616
1667865600,20611.94,20712.49,17317.00,18559.51,18869.85,956.27311294,10686
1667952000,18524.41,18580.01,15543.84,15890.55,16842.35,837.25053914,7391
1668038400,15905.66,18130.30,15750.00,17575.81,17051.58,517.96157879,4786
1668124800,17569.76,17649.94,16355.89,17005.81,16996.73,336.57675725,2985
1668211200,17036.04,17072.10,16599.53,16785.43,16766.18,176.14562808,1539
1668297600,16787.28,16922.10,16237.44,16312.70,16537.76,270.22737117,2336
1668384000,16312.70,17209.46,15805.36,16590.00,16491.95,316.29481623,3124
1668470400,16602.06,17079.90,16521.85,16877.08,16834.71,183.78685891,2109
1668556800,16883.81,16996.70,16376.64,16666.92,16628.34,167.80405059,2289
1668643200,16660.01,16732.21,16416.00,16686.57,16611.61,189.04377396,2285
1668729600,16679.50,16966.22,16530.16,16689.40,16722.02,230.79181006,1936
1668816000,16685.48,16799.81,16542.26,16675.00,16635.73,90.40741805,1237
1668902400,16689.43,16735.58,16174.65,16251.71,16502.32,157.76248851,1668
1668988800,16261.59,16261.70,15486.80,15765.89,15905.74,344.46798097,3326
1669075200,15765.49,16276.47,15605.89,16192.82,16059.44,262.45776817,2459
1669161600,16192.83,16700.56,16126.20,16560.32,16455.62,152.56051358,1978
1669248000,16593.74,16797.70,16467.41,16610.00,16620.54,100.80440711,1588
1669334400,16594.64,16625.59,16349.30,16516.20,16493.78,102.37164720,1354
1669420800,16516.39,16675.00,16393.52,16446.14,16583.73,46.50905255,956
1669507200,16457.78,16715.87,16390.86,16433.22,16555.81,91.85326411,1171
1669593600,16424.96,16469.99,16000.01,16203.05,16207.11,148.87717176,1906
1669680000,16210.76,16520.03,16114.48,16437.03,16401.27,112.64900404,1489
1669766400,16443.51,17233.70,16431.74,17191.14,16958.51,216.34526348,2305
1669852800,17173.32,17399.99,16874.18,16961.72,17073.79,129.29565650,1985
1669939200,16983.31,17096.46,16803.77,17081.62,16963.39,118.41515584,1472
1670025600,17081.62,17180.01,16877.03,16900.13,17001.02,72.64750230,1149
1670112000,16891.59,17288.61,16881.39,17112.08,17058.08,83.32896749,1183
1670198400,17115.38,17404.67,16890.00,16961.15,17121.28,190.24011771,1825
1670284800,16971.73,17094.03,16928.13,17092.66,17001.56,137.28996583,1427
1670371200,17097.87,17129.56,16704.11,16844.77,16852.67,52.41694069,1159
1670457600,16838.15,17283.75,16701.16,17222.19,16950.64,240.42280758,1565
1670544000,17236.54,17358.00,17081.62,17122.75,17194.99,67.41701778,1006
1670630400,17123.90,17217.57,17110.99,17119.45,17170.73,22.44369236,607
1670716800,17124.63,17253.17,17092.00,17096.21,17153.61,52.37864899,855
1670803200,17092.01,17231.56,16884.24,17227.58,17066.60,168.22717293,1319
1670889600,17219.92,17992.07,17106.20,17779.31,17520.96,386.03335355,2723
1670976000,17776.62,18380.00,17683.02,17816.05,17949.45,332.96460625,2308
1671062400,17813.67,17857.82,17287.00,17367.65,17528.02,257.45161139,1683
1671148800,17368.25,17524.98,16548.41,16654.53,16977.78,184.02970332,2244
1671235200,16613.70,16850.00,16600.00,16788.16,16733.65,69.79656244,946
1671321600,16786.81,16850.00,16647.70,16747.03,16722.12,68.32451330,842
1671408000,16764.02,16811.70,16283.01,16432.05,16615.65,117.87140455,1347
1671494400,16436.80,17040.00,16403.74,16911.47,16804.00,104.73773444,1406
1671580800,16910.00,16922.06,16000.00,16820.71,16747.84,128.08615644,1309
1671667200,16822.18,16864.28,16577.58,16814.28,16742.29,66.23665177,1006
1671753600,16816.00,16937.39,16747.46,16758.05,16815.41,45.98892652,952
1671840000,16773.32,16865.00,16773.32,16839.88,16833.27,73.24277687,649
1671926400,16837.85,16849.94,16730.31,16824.17,16792.32,42.17297086,565
1672012800,16833.75,16933.90,16786.38,16922.54,16838.37,65.52731905,772
1672099200,16921.64,16967.85,16597.14,16699.02,16798.39,137.38319123,1071
1672185600,16702.42,16776.13,16467.45,16546.83,16631.08,65.97667455,1067
1672272000,16545.95,16650.00,16495.04,16634.01,16592.19,67.36810068,874
1672358400,16631.18,16646.84,16331.14,16604.61,16529.26,93.20034440,1058
1672444800,16602.99,16652.55,16485.71,16534.06,16570.31,93.33292623,774
1672531200,16535.97,16634.53,16490.76,16603.73,16550.48,124.66133179,814
1672617600,16619.13,16773.39,16557.65,16667.31,16698.93,55.29620106,860
1672704000,16674.32,16765.70,16604.17,16666.16,16698.46,86.84285381,942
1672790400,16671.66,16999.00,16650.38,16854.81,16855.97,106.08625763,1152
1672876800,16856.02,16867.98,16768.76,16831.18,16830.76,82.95285407,970
1672963200,16831.18,17011.92,16700.00,16955.08,16842.14,107.04671619,1187
1673049600,16955.26,17073.19,16903.24,16948.52,16954.85,72.80648624,729
1673136000,16947.24,17150.25,16919.69,17125.53,16969.24,74.68392919,898
1673222400,17125.53,17400.00,17115.00,17193.43,17282.03,245.75318819,1861
1673308800,17181.93,17492.50,17150.64,17446.69,17357.50,134.91476461,1412
1673395200,17446.28,17981.16,17325.02,17957.11,17523.38,98.36373185,1356
1673481600,17946.16,19100.00,17915.60,18856.06,18410.83,294.01263699,3075
1673568000,18856.07,19987.99,18719.68,19925.53,19293.54,280.61279097,2145
1673654400,19925.54,21320.00,19919.81,20963.23,20834.23,396.19290208,3270
1673740800,20964.55,21036.06,20578.15,20870.00,20779.62,212.65231931,1458
1673827200,20883.63,21484.70,20626.51,21166.87,21017.44,187.25848827,1951
1673913600,21195.67,21594.77,20872.35,21142.88,21294.05,174.02899010,1634
1674000000,21141.12,21624.80,20427.43,20668.56,21097.68,238.59299038,2637
1674086400,20664.40,21160.92,20659.48,21080.79,20860.82,116.85470255,1406
1674172800,21087.43,22729.57,20868.17,22693.52,21851.56,250.56375308,2138
1674259200,22672.93,23351.24,22447.08,22771.12,22960.59,205.67674553,2608
1674345600,22768.85,23094.47,22311.43,22718.09,22735.48,156.53978464,1706
1674432000,22716.41,23149.37,22548.90,22926.81,22887.86,112.09332052,1643
1674518400,22918.04,23165.77,22472.06,22635.72,22911.35,140.90588190,1543
1674604800,22620.79,23821.04,22352.26,23098.84,22870.41,208.59474875,1987
1674691200,23099.75,23261.75,22827.82,23014.14,23023.27,137.39726184,1284
1674777600,23025.03,23505.77,22529.27,23083.51,23003.76,166.47808513,1598
1674864000,23092.06,23172.49,22902.61,23041.43,23042.58,78.74484917,794
1674950400,23032.53,23953.23,22986.52,23755.71,23506.24,99.47102955,1573
1675036800,23749.55,23789.75,22516.24,22840.73,23071.26,189.94752205,1948
1675123200,22831.99,23296.27,22741.81,23131.41,23016.35,80.89636535,1305
1675209600,23132.16,23811.38,22741.02,23738.23,23302.95,173.45950715,1669
1675296000,23742.68,24239.10,23381.62,23435.60,23827.78,197.55081397,1849
1675382400,23501.58,23714.27,23239.72,23433.06,23460.00,101.98426579,1143
1675468800,23428.99,23572.46,23278.29,23315.21,23408.33,47.59124483,629
1675555200,23330.70,23422.10,22772.22,22934.91,23095.74,122.76040977,1370
1675641600,22942.01,23141.95,22644.07,22766.62,22912.63,64.42046956,1187
1675728000,22762.65,23334.55,22757.53,23253.92,22988.55,114.71087352,1566
1675814400,23247.52,23430.58,22675.00,22940.32,23039.60,129.98417164,1512
1675900800,22962.97,23000.04,21717.60,21802.49,22221.32,134.88722202,2096
1675987200,21809.86,21933.74,21477.00,21630.91,21763.65,106.54762042,1814
1676073600,21635.28,21893.47,21614.17,21867.44,21712.77,57.63935794,751
1676160000,21871.58,22076.17,21644.25,21757.37,21848.04,65.76472252,783
1676246400,21791.69,21901.54,21397.81,21799.11,21639.01,117.36865809,1261
1676332800,21799.11,22338.00,21579.17,22216.46,21960.47,73.31411855,1182
1676419200,22211.60,24346.79,22072.03,24330.43,23210.95,179.67737326,1896
1676505600,24332.38,25255.00,23168.13,23593.97,24542.24,360.72295913,2836
1676592000,23525.01,24994.87,23371.54,24573.28,24205.75,197.60894832,2374
1676678400,24578.97,24854.76,24465.72,24645.20,24624.11,46.79436128,706
1676764800,24641.40,25165.35,24203.83,24284.78,24661.68,105.74902956,1305
1676851200,24285.30,25093.76,23857.74,24812.62,24761.92,151.83928447,1926
1676937600,24826.63,25241.24,24178.22,24452.92,24621.98,200.77652404,2203
1677024000,24455.63,24455.63,23600.00,24170.20,23984.23,213.91287340,1976
1677110400,24184.48,24609.00,23630.30,23946.10,24203.43,282.20901918,2176
1677196800,23946.77,24106.45,22850.00,23192.14,23446.37,130.32205621,1638
1677283200,23193.46,23202.74,22780.98,23159.51,23033.92,89.90410327,1292
1677369600,23162.67,23666.00,23081.62,23565.54,23387.90,64.83515921,1244
1677456000,23558.88,23873.52,23098.60,23504.52,23426.40,94.79579955,1879
1677542400,23496.33,23591.40,23047.81,23138.43,23336.23,157.41274163,1630
1677628800,23151.53,23978.40,23048.00,23646.22,23660.33,309.57080411,2269
1677715200,23633.22,23768.36,23210.26,23467.29,23374.98,77.34161191,1225
1677801600,23470.16,23476.34,22000.00,22355.81,22422.01,186.45024125,2363
1677888000,22360.20,22643.99,22173.81,22345.94,22378.14,108.43270194,1011
1677974400,22349.89,22634.15,22197.31,22426.74,22414.51,114.06630555,970
1678060800,22433.56,22587.29,22265.53,22401.26,22422.55,112.12806573,1090
1678147200,22409.92,22528.31,21950.76,22193.65,22280.61,135.41387076,1492
1678233600,22201.44,22251.82,21605.43,21692.93,21998.42,105.34700313,1463
1678320000,21701.72,21806.84,20061.00,20357.73,21056.85,222.97911025,3243
1678406400,20365.99,20397.40,19566.28,20286.55,20031.10,759.00832587,6954
1678492800,20282.31,26127.17,20246.32,21276.10,21982.49,3902.71734427,42726
1678579200,21299.18,22649.02,20831.43,22377.57,21484.92,728.44842523,8000
1678665600,22362.02,24700.00,22117.59,24213.60,23502.26,530.21561540,7521
1678752000,24230.58,26630.69,24100.36,24767.50,25235.95,395.20711845,7641
1678838400,24786.76,25241.24,23977.48,24369.12,24708.93,152.51984684,3456
1678924800,24379.78,25204.41,24242.13,25056.25,24892.47,130.75804805,2550
1679011200,25044.56,27822.88,24918.40,27426.48,26372.07,361.15304949,5514
1679097600,27455.51,27756.58,26657.50,26975.28,27351.11,160.69276307,3151
1679184000,26971.69,28450.00,26869.00,28043.21,27888.38,182.73590565,3356
1679270400,28059.92,28548.25,27218.13,27822.95,27930.69,197.51283219,4062
1679356800,27832.15,28501.59,27419.16,28225.80,28075.94,215.69724737,3370
1679443200,28195.59,28975.45,26702.45,27356.36,28228.70,400.52865349,5652
1679529600,27329.30,28780.92,27210.15,28354.79,27985.36,156.47753989,2817
1679616000,28349.89,28407.50,27086.64,27497.12,27922.25,138.28979146,2844
1679702400,27503.87,27793.88,27200.01,27491.03,27577.30,80.45550694,1280
1679788800,27491.00,28197.93,27459.12,28002.88,27804.11,50.02846376,1214
1679875200,28000.62,28042.17,26562.47,27173.21,27364.23,145.80308350,2441
1679961600,27139.01,27527.50,26682.71,27268.81,27051.43,75.45677269,1561
1680048000,27277.98,28623.00,27277.98,28350.01,28243.21,156.84410257,3068
1680134400,28358.92,29153.69,27733.11,28034.07,28476.15,110.59304139,2456
1680220800,28034.55,28675.99,27539.88,28485.09,28224.02,104.81596394,2017
1680307200,28483.94,28780.92,28232.91,28482.07,28473.47,40.73019604,1236
1680393600,28482.08,28493.56,27899.42,28183.00,28212.00,29.82486934,998
1680480000,28187.18,28489.55,27251.15,27793.63,27905.73,138.34805474,2679
1680566400,27812.00,28412.75,27706.24,28183.51,28144.05,103.55325187,1541
1680652800,28178.93,28785.53,27842.97,28182.36,28333.69,138.79662972,2238
1680739200,28180.53,28180.53,27687.70,28036.35,27929.68,56.41762373,1262
1680825600,28050.56,28113.79,27812.01,27922.61,27911.10,30.96364630,815
1680912000,27928.11,28163.07,27874.67,27944.53,27997.93,29.55594322,3264
1680998400,27959.65,28515.18,27844.28,28342.67,28224.11,14.79111658,669
1681084800,28349.77,29886.17,28211.38,29626.87,29006.57,109.68401482,1805
1681171200,29667.52,30551.00,29622.97,30259.55,30136.13,87.73099804,3007
1681257600,30230.99,30504.20,29737.92,29908.96,29980.28,115.81556664,1820
1681344000,29914.82,30624.66,29909.53,30389.79,30312.16,42.29628844,1261
1681430400,30410.78,31050.80,30042.04,30493.70,30614.43,153.58705015,1828
1681516800,30493.60,30583.06,30231.06,30325.94,30349.06,27.42765696,571
1681603200,30323.21,30553.85,30132.50,30338.00,30342.80,37.06149956,631
1681689600,30327.38,30327.38,29265.70,29428.20,29645.97,83.96700810,1420
1681776000,29453.04,30469.01,29142.08,30400.00,30120.17,145.01186136,1894
1681862400,30394.72,30408.06,28612.07,28820.36,29354.12,116.35277285,2202
1681948800,28804.14,29070.06,27989.23,28253.01,28520.66,122.16170398,1845
1682035200,28239.48,28343.97,27130.93,27271.72,27831.59,129.41720915,2234
1682121600,27253.09,27874.72,27169.21,27817.77,27501.24,35.17414622,857
1682208000,27818.79,27818.79,27352.05,27594.41,27510.38,37.97764036,2387
1682294400,27585.06,27986.58,26976.32,27523.12,27407.10,68.38371970,2246
1682380800,27516.00,28369.59,27218.09,28304.44,27980.50,265.43766060,2099
1682467200,28307.51,29997.00,27292.21,28426.86,28722.46,244.37774766,4197
1682553600,28430.49,29862.38,27534.09,29480.03,29081.74,195.03694230,3410
1682640000,29481.73,29564.44,28942.79,29346.60,29271.42,68.90950378,1327
1682726400,29338.23,29447.67,29073.82,29249.46,29332.99,60.57254371,3989
1682812800,29248.68,29941.57,29124.03,29249.45,29489.34,83.56619264,1376
1682899200,29257.02,29339.86,27681.40,28094.69,28375.01,78.16349542,1504
1682985600,28088.00,28874.77,27894.22,28682.32,28446.15,48.23502725,979
1683072000,28681.59,29267.33,28166.02,29001.19,28603.91,89.21607784,1427
1683158400,29041.04,29358.82,28677.56,28847.31,29021.26,42.55602552,789
1683244800,28857.00,29666.76,28826.60,29542.43,29325.69,101.41875172,1386
1683331200,29542.89,29832.73,28400.00,28912.17,29036.39,63.05594914,1108
1683417600,28904.39,29167.44,28462.87,28462.87,28929.44,63.88346553,787
1683504000,28442.37,28644.28,27304.52,27711.00,27931.37,191.85333764,2126
1683590400,27696.00,27820.99,27368.79,27654.37,27579.66,48.51099302,838
1683676800,27644.89,28335.76,26808.66,27614.39,27615.60,136.63127678,2054
1683763200,27622.37,27623.60,26750.00,26997.08,27178.86,106.41791499,1283
1683849600,26989.67,27072.76,25839.00,26808.53,26449.62,129.18675384,1956
1683936000,26809.22,27030.74,26709.96,26796.25,26815.45,40.30815226,582
1684022400,26791.42,27185.54,26614.60,26928.24,26899.87,26.53016146,599
1684108800,26934.76,27651.85,26758.77,27176.15,27353.43,100.34105211,1169
1684195200,27173.07,27278.09,26881.87,27026.60,27046.80,103.66478570,1111
1684281600,27040.86,27472.69,26571.41,27399.37,26983.71,93.69503398,1155
1684368000,27411.35,27461.79,26373.83,26879.97,26928.55,64.85291970,1082
1684454400,26821.16,27148.30,26662.67,26874.98,26834.30,85.66530575,822
1684540800,26889.93,27145.21,26838.11,27145.21,26955.77,12.78751047,419
1684627200,27117.40,27289.86,26699.98,26756.12,26947.48,22.04623495,713
1684713600,26756.95,27071.17,26543.74,26858.88,26767.98,60.90625379,924
1684800000,26860.64,27480.63,26815.09,27226.41,27307.35,54.62843610,856
1684886400,27225.58,27227.19,26093.51,26345.27,26594.12,112.49580239,1777
1684972800,26337.91,26599.50,25896.52,26481.61,26288.55,67.02320016,1685
1685059200,26482.83,26919.11,26347.37,26720.73,26642.19,86.93528356,1364
1685145600,26723.74,26895.73,26589.00,26895.73,26747.33,10.54334179,604
1685232000,26873.82,28232.15,26812.39,28073.45,27466.51,93.04658218,1460
1685318400,28091.28,28431.32,27559.64,27748.41,27918.96,60.07107320,1134
1685404800,27755.94,28045.32,27587.96,27705.84,27874.61,84.33183968,1361
1685491200,27705.40,27820.89,26869.78,27222.97,27092.71,62.34828503,1265
1685577600,27230.80,27336.53,26621.37,26824.27,26944.04,78.24827551,1337
1685664000,26825.80,27296.90,26529.76,27253.40,27009.17,65.01676755,1594
1685750400,27255.33,27335.97,26952.07,27075.51,27146.44,32.87186552,1663
1685836800,27079.95,27441.94,26973.75,27109.47,27179.30,42.06434143,2243
1685923200,27127.35,27127.35,25414.10,25718.04,26226.59,221.85270166,4227
1686009600,25735.13,27359.12,25385.10,27248.03,26613.68,176.36189594,2556
1686096000,27252.11,27373.03,26147.91,26351.53,26706.79,86.88279603,2357
1686182400,26348.78,26793.59,26248.61,26521.47,26485.53,67.43657093,1360
1686268800,26508.87,26784.01,26310.10,26486.53,26564.47,30.22728075,1083
1686355200,26488.58,26514.73,25447.98,25855.96,25701.21,182.28276640,3175
1686441600,25858.48,26177.94,25677.88,25943.66,25841.18,45.00110905,1160
1686528000,25940.43,26096.53,25661.21,25892.38,25875.50,42.40396210,1388
1686614400,25909.64,26400.00,25730.49,25920.77,25998.17,58.48671145,1290
1686700800,25926.26,26053.17,24828.72,25116.92,25506.57,108.87514686,1987
1686787200,25122.79,25752.73,24785.29,25582.61,25108.73,136.90421983,2446
1686873600,25576.67,26497.86,25106.01,26330.16,25776.18,168.67571297,2558
1686960000,26331.82,26758.08,26165.79,26512.10,26538.33,79.37923488,1471
1687046400,26512.20,26666.83,26275.49,26331.52,26486.99,58.59952421,872
1687132800,26339.03,27025.39,26318.75,26819.23,26626.48,69.06573849,1047
1687219200,26847.98,28391.31,26665.12,28304.99,27409.20,173.76692670,2110
1687305600,28324.62,30765.95,28281.10,30007.79,29383.27,402.77265920,4995
1687392000,30004.79,30468.25,29593.02,29922.43,30127.59,230.61980797,2376
1687478400,29901.33,31400.00,29847.70,30671.91,30479.96,222.55932345,2892
1687564800,30685.79,30797.22,30294.00,30551.52,30623.40,63.81748354,1027
1687651200,30568.14,31048.05,30325.72,30475.24,30643.55,225.50842372,1680
1687737600,30474.32,30637.82,29884.57,30275.11,30265.93,164.05365161,1750
1687824000,30256.24,31005.30,30242.71,30700.13,30597.95,141.55203320,1587
1687910400,30660.45,30660.45,29881.09,30092.97,30274.40,108.90260072,1426
1687996800,30080.90,30818.58,30077.52,30456.34,30486.74,110.85979564,1328
1688083200,30442.97,31258.19,29482.41,30482.72,30498.11,257.06299083,3108
1688169600,30492.21,30622.47,30350.45,30590.00,30541.99,17.34645992,447
1688256000,30580.82,30786.62,30207.53,30616.12,30500.87,53.73524064,852
1688342400,30613.24,31368.07,30592.00,31158.18,30950.22,107.35032763,1490
1688428800,31164.12,31305.29,30662.85,30775.86,31005.03,41.72427819,829
1688515200,30775.01,30863.76,30203.93,30508.29,30441.85,102.78645425,1907
1688601600,30506.74,31565.68,29892.79,29910.74,30643.40,160.93097283,2376
1688688000,29894.00,30419.78,29750.00,30356.06,30141.23,79.48653119,1080
1688774400,30337.20,30337.20,30082.00,30270.24,30209.46,25.40736533,466
1688860800,30270.24,30395.19,30095.26,30163.00,30282.51,42.79773264,515
1688947200,30163.00,31011.85,29978.83,30420.36,30237.26,118.61848052,1127
1689033600,30421.31,30777.69,30333.00,30623.86,30529.39,27.03400600,625
1689120000,30625.67,30990.86,30184.13,30392.80,30633.50,58.80050400,834
1689206400,30422.41,31817.21,30261.42,31467.54,30987.97,194.63063932,2130
1689292800,31473.91,31615.64,29961.17,30337.94,30806.59,164.96991128,1582
1689379200,30306.06,30387.96,30270.27,30295.32,30333.31,14.31151819,328
1689465600,30301.85,30439.01,30105.39,30264.96,30266.72,34.96070528,352
1689552000,30235.70,30334.66,29681.68,30148.80,30073.54,84.04231416,828
1689638400,30162.07,30233.51,29542.22,29853.46,29822.11,54.34591479,693
1689724800,29877.68,30183.98,29793.32,29912.40,29948.43,36.12626238,1006
1689811200,29915.13,30405.82,29593.02,29810.34,29978.34,98.79102817,1161
1689897600,29810.59,30033.01,29753.83,29920.11,29857.41,19.31988732,487
1689984000,29920.11,30000.04,29648.51,29730.61,29800.11,45.88275922,419
1690070400,29811.81,30318.58,29785.47,30071.71,29991.30,39.45887202,587
1690156800,30068.37,30091.14,28890.00,29176.63,29261.92,82.81435662,1316
1690243200,29163.85,29345.26,29054.94,29170.50,29178.83,42.44328509,753
1690329600,29213.79,29670.05,29127.97,29349.28,29326.45,160.65508510,1060
1690416000,29354.90,29564.14,29104.55,29219.04,29343.38,36.23895127,640
1690502400,29218.14,29509.99,29116.00,29317.63,29274.06,70.53940536,636
1690588800,29300.64,29396.53,29258.37,29371.27,29311.22,16.25798939,511
1690675200,29356.42,29442.35,29056.74,29271.31,29240.59,18.86284334,413
1690761600,29280.89,29492.25,29142.25,29230.41,29288.71,101.91669878,730
1690848000,29226.22,29700.00,28769.01,29700.00,28965.66,129.26573598,1245
1690934400,29700.00,30000.00,28899.69,29146.13,29336.49,111.34595917,1558
1691020800,29158.30,29371.85,28960.50,29171.86,29174.82,60.35654667,761
1691107200,29216.68,29303.00,28809.64,29074.12,29157.95,137.08941251,1174
1691193600,29071.51,29089.70,28948.00,29050.47,29011.44,37.40194538,685
1691280000,29047.73,29160.73,28959.00,29051.54,29021.10,53.31156543,677
1691366400,29040.46,29243.27,28694.08,29183.77,29071.13,87.25421580,1099
1691452800,29179.95,30198.03,29130.30,29770.06,29529.01,87.70375754,1521
1691539200,29790.01,30118.14,29363.60,29569.82,29662.25,71.03392664,1293
1691625600,29552.59,29693.42,29337.66,29429.13,29482.07,56.43954843,909
1691712000,29426.11,29514.51,29223.00,29391.00,29414.05,20.19629067,730
1691798400,29383.73,29463.80,29352.75,29416.22,29405.77,13.36587824,876
1691884800,29408.71,29444.42,29276.95,29284.54,29336.40,14.08393434,501
1691971200,29286.91,29653.60,29108.40,29405.08,29393.02,58.70314198,1039
1692057600,29398.44,29447.95,29073.82,29170.47,29267.94,47.66567504,753
1692144000,29169.61,29220.12,28705.87,28721.63,28954.30,56.81477113,1023
1692230400,28701.78,28746.35,25436.29,26655.14,27241.69,199.63441038,3867
1692316800,26616.86,26826.49,25636.48,26050.68,26261.97,91.44138214,2021
1692403200,26066.44,26251.34,25809.44,26081.41,25980.22,68.34484585,1820
1692489600,26082.24,26268.30,25973.09,26182.60,26116.09,45.16838775,1699
1692576000,26185.01,26224.56,25830.38,26126.52,26023.16,69.69842485,1032
1692662400,26131.17,26131.17,25378.76,26028.96,25910.20,56.24494604,1125
1692748800,26018.36,26794.23,25809.44,26426.02,26159.81,33.81351061,954
1692835200,26429.03,26577.30,25878.03,26130.72,26313.37,72.47294481,1033
1692921600,26170.18,26273.73,25784.73,26033.69,26003.61,41.87791943,2508
1693008000,26042.55,26100.58,25975.56,26004.46,26016.39,40.80312681,5349
1693094400,26004.46,26160.92,25957.84,26090.67,26052.30,14.74986974,3143
1693180800,26087.96,26215.81,25872.39,26111.12,26037.54,39.93666286,901
1693267200,26101.28,28116.77,25930.00,27729.48,27534.24,142.11790819,2547
1693353600,27732.97,27778.64,27047.81,27292.43,27336.25,34.38922104,918
1693440000,27298.43,27530.44,25700.00,25936.00,26613.01,56.00466490,1732
1693526400,25934.74,26134.38,25350.56,25817.39,25835.66,46.09717977,1393
1693612800,25799.64,25960.91,25754.42,25860.75,25818.29,10.77103014,492
1693699200,25872.25,26100.58,25821.48,25977.54,25950.88,24.22207502,492
1693785600,25969.44,26064.40,25655.01,25834.20,25866.07,26.89366356,757
1693872000,25818.64,25863.16,25575.83,25789.40,25751.68,60.85034106,879
1693958400,25780.33,25998.41,25400.00,25745.76,25689.88,33.80574198,1093
1694044800,25750.10,26405.48,25615.57,26213.65,25858.23,27.21409326,889
1694131200,26233.36,26415.33,25671.81,25903.22,25960.36,61.88960130,736
1694217600,25894.30,25915.00,25810.91,25892.65,25860.08,4.29883239,384
1694304000,25885.00,25998.41,25599.48,25830.97,25759.00,9.96414369,487
1694390400,25827.76,25872.53,24923.09,25124.19,25207.73,110.64513228,1506
1694476800,25170.06,26982.10,25140.58,25830.76,26216.17,108.42302732,1421
1694563200,25840.68,26382.19,25806.42,26225.07,26181.92,67.92761644,1222
1694649600,26216.27,26825.20,26154.20,26533.63,26536.06,37.60248139,1088
1694736000,26517.45,26866.13,26239.61,26610.00,26471.99,30.72816060,880
1694822400,26610.00,26747.11,26475.06,26565.13,26572.36,13.11558945,601
1694908800,26561.47,26621.91,26430.86,26519.87,26509.39,9.08069698,385
1694995200,26533.33,27400.00,26408.16,26749.55,26968.36,45.55841096,1298
1695081600,26773.10,27480.37,26680.05,27229.77,27035.16,75.89027709,1163
1695168000,27211.96,27369.86,26834.21,27125.41,27097.75,39.40208509,1041
1695254400,27101.49,27137.49,26377.59,26565.55,26726.45,31.18576461,937
1695340800,26578.98,26724.30,26502.40,26574.66,26597.99,49.49673368,897
1695427200,26585.46,26636.01,26524.11,26581.56,26591.20,5.48081378,486
1695513600,26575.49,26758.10,26157.24,26255.74,26581.56,37.20906251,828
1695600000,26227.08,26426.40,26000.00,26297.40,26204.14,39.18513729,1096
1695686400,26299.17,26367.20,26098.81,26209.30,26221.76,32.74753847,690
1695772800,26211.55,26821.39,26111.67,26350.00,26409.85,40.81766548,929
1695859200,26350.00,27262.74,26325.92,27027.40,26799.39,67.29428505,1091
1695945600,27014.90,27212.00,26706.60,26910.39,26973.26,42.72833833,834
1696032000,26906.46,27086.83,26887.14,26968.66,26958.94,55.57435348,970
1696118400,26965.70,28046.81,26961.07,27977.77,27545.11,58.28484694,1074
1696204800,27983.22,28570.29,27307.97,27535.00,27998.35,110.25017980,1813
1696291200,27517.79,27665.00,27189.00,27431.58,27460.07,57.55969953,983
1696377600,27401.36,27825.58,27245.04,27800.90,27456.64,87.22730860,1074
1696464000,27787.90,28089.07,27385.66,27417.63,27739.99,62.95311825,908
1696550400,27424.80,28236.57,27215.82,27959.30,27795.48,95.81857078,1113
1696636800,27926.72,28027.37,27885.88,27971.47,27957.71,17.17484499,431
1696723200,27973.49,28102.50,27731.89,27949.24,27931.66,46.83810084,542
1696809600,27916.21,27974.38,27307.97,27597.14,27595.34,28.84970350,652
1696896000,27622.73,27706.73,27307.98,27393.61,27487.40,47.78834349,678
1696982400,27392.45,27470.49,26549.94,26850.56,26995.41,157.04810426,1601
1697068800,26852.64,26913.74,26567.72,26754.02,26781.00,85.24467040,1259
1697155200,26747.35,27100.00,26697.23,26851.18,26953.45,128.10563333,2029
1697241600,26851.18,26965.23,26816.63,26860.35,26872.08,25.92779208,474
1697328000,26855.00,27285.76,26811.17,27155.77,26982.41,52.16091410,595
1697414400,27162.11,30256.40,27137.87,28516.03,28452.88,254.75854719,3922
1697500800,28542.99,28601.19,28126.56,28421.12,28435.25,61.88639845,1072
1697587200,28402.01,28984.39,28189.08,28325.26,28590.89,89.99073797,1062
1697673600,28325.24,28901.14,28135.43,28719.99,28603.69,85.02674216,910
1697760000,28719.99,30216.11,28608.06,29674.24,29508.17,162.17421066,1470
1697846400,29684.83,30339.75,29500.00,29916.33,29885.34,65.96965110,1128
1697932800,29904.44,30219.70,29701.19,30008.29,29997.93,42.00007717,724
1698019200,30000.25,34633.42,29913.19,33043.39,31452.07,311.98273450,4218
1698105600,33090.13,35206.35,32881.07,33899.11,34171.18,447.35931015,4700
1698192000,33928.01,35143.00,33740.88,34496.14,34515.27,231.83809087,2238
1698278400,34496.75,34825.20,33761.00,34160.30,34271.17,160.55983332,1488
1698364800,34158.08,34232.17,33419.50,33912.50,33906.56,90.03094329,1994
1698451200,33904.96,34471.97,33873.57,34091.05,34123.44,46.35706870,607
1698537600,34087.41,34789.50,33965.20,34454.15,34437.40,47.82081143,831
1698624000,34561.80,34860.72,34112.85,34498.06,34436.77,92.83316672,1354
1698710400,34500.85,34698.90,34083.36,34669.97,34359.59,93.05244227,1172
1698796800,34660.00,35612.50,34058.60,35442.50,34892.21,132.97894404,2027
1698883200,35460.99,35990.20,34358.06,34909.27,35119.44,194.67933723,1806
1698969600,34922.92,35133.00,34125.09,34730.53,34726.15,168.96846106,1317
1699056000,34728.53,35251.35,34624.09,35088.49,34821.44,41.72881676,606
1699142400,35096.98,35368.34,34500.00,35053.54,35062.03,49.13777015,1167
1699228800,35051.97,35266.86,34770.67,35042.46,35067.02,45.14842316,846
1699315200,35030.96,35853.64,34571.37,35408.95,35096.94,63.09954891,1094
1699401600,35371.12,36064.72,35146.50,35656.60,35558.35,81.81818799,1147
1699488000,35626.81,37958.95,35597.20,36712.31,36822.59,339.91257425,4684
1699574400,36690.99,37477.24,36343.76,37320.09,36919.25,65.56250330,1595
1699660800,37332.10,37398.16,36722.75,37137.70,36990.74,35.91410137,917
1699747200,37138.56,37223.22,36780.45,37080.38,37091.24,24.72193261,571
1699833600,37089.44,37410.54,36385.73,36490.41,36894.64,65.92688006,891
1699920000,36486.90,36750.78,34798.51,35543.99,36080.73,122.66223355,1854
1700006400,35535.69,38076.59,35393.17,37925.46,36750.78,130.90294679,2134
1700092800,37868.66,37914.73,35544.58,36138.09,36707.90,98.50522218,1954
1700179200,36141.32,36749.80,35872.69,36602.00,36351.27,42.94517990,1330
1700265600,36602.01,36832.97,36249.76,36578.00,36486.29,37.78946325,577
1700352000,36578.00,37504.49,36404.44,37426.61,36946.94,25.06447746,754
1700438400,37340.17,37744.86,36742.40,37476.57,37440.28,63.35255672,1473
1700524800,37482.91,37644.94,35778.99,35817.98,37101.83,207.80836096,2236
1700611200,35772.89,37872.34,35680.49,37425.63,36844.46,166.19326548,1869
1700697600,37417.90,37619.92,36912.30,37294.67,37300.81,45.83749715,790
1700784000,37295.63,38400.00,37260.81,37719.89,37716.82,88.65042233,1479
1700870400,37764.60,37888.09,37617.54,37779.38,37758.38,23.86521674,354
1700956800,37798.77,37818.76,37188.42,37498.16,37509.37,58.88307260,787
1701043200,37425.67,37562.13,36740.64,37254.04,37087.00,137.51260271,1630
1701129600,37230.98,38361.12,36802.20,37818.33,37485.00,116.12751111,1733
1701216000,37824.72,38478.85,37618.05,37865.43,38036.49,54.75535597,1090
1701302400,37783.64,38149.23,37493.92,37711.28,37774.87,45.22721451,722
1701388800,37695.53,39030.70,37624.21,38687.83,38571.18,142.60154162,1432
1701475200,38710.32,39686.59,38690.96,39475.54,38997.70,108.35455397,1038
1701561600,39468.47,40200.00,39310.52,39973.73,39729.85,69.83805254,971
1701648000,39987.48,42387.84,39970.00,41953.70,41421.84,276.81878042,3516
1701734400,41965.06,44452.47,41435.70,44080.27,42977.80,102.45664670,2419
1701820800,44051.44,44238.61,43103.06,43733.29,43769.95,149.10518897,2182
1701907200,43775.06,44036.59,42879.48,43301.56,43470.82,149.79888966,2056
1701993600,43282.25,44701.33,42989.13,44185.54,43777.67,105.29855858,2470
1702080000,44189.04,44353.23,43632.63,43702.36,44007.47,37.21562861,1482
1702166400,43724.73,44000.00,43606.96,43787.56,43804.78,37.38889132,1172
1702252800,43788.13,43797.28,40211.30,41226.85,41687.77,190.34603910,4296
1702339200,41208.87,42093.19,40690.64,41476.40,41487.37,112.14865140,2145
1702425600,41470.00,43427.19,40602.34,42897.99,42200.67,107.33341346,2044
1702512000,42885.42,43395.47,41414.40,42993.39,42763.92,72.80179832,1862
1702598400,43035.63,43061.20,41691.23,41921.46,42416.85,72.48971013,1428
1702684800,41970.25,42647.79,41647.00,42191.64,42180.18,22.78314624,680
1702771200,42227.93,42328.63,41245.40,41365.59,41914.12,57.84626146,933
1702857600,41387.36,42727.01,40516.37,42634.99,41360.24,112.32278353,1477
1702944000,42643.78,43423.77,41826.97,42260.86,42703.02,85.18639673,1114
1703030400,42294.34,44259.75,42274.28,43627.31,43546.15,118.80763739,1565
1703116800,43630.33,44202.60,43341.65,43825.39,43694.73,48.49099766,910
1703203200,43876.50,44375.58,43459.81,44022.32,43786.90,55.34359839,906
1703289600,43978.61,43978.61,43386.49,43766.82,43655.00,23.86448420,437
1703376000,43720.01,43927.82,42745.99,43093.81,43498.43,47.11995069,852
1703462400,43031.26,43771.51,42763.63,43614.09,43353.92,75.32456287,773
1703548800,43614.08,43614.08,41624.16,42498.08,42506.98,89.24113861,1093
1703635200,42461.46,43650.44,42170.66,43411.79,42823.44,45.35593086,905
1703721600,43437.73,43795.74,42300.00,42612.59,42865.40,119.70555463,1085
1703808000,42638.01,43086.40,41323.27,42085.61,42238.48,123.47866259,1398
1703894400,42031.50,42585.93,41570.80,42199.00,42083.96,49.93059987,768
1703980800,42196.81,42836.52,41998.30,42248.60,42440.21,88.28660646,714
1704067200,42289.63,44161.62,42219.15,44158.89,42924.85,49.91900416,754
1704153600,44170.13,45896.79,44170.13,44951.54,45333.90,134.78594033,2514
1704240000,44965.71,45475.62,41000.00,42861.68,42922.50,221.73701681,4729
1704326400,42828.22,44771.60,42694.48,44184.29,43735.42,109.92232842,3022
1704412800,44226.08,44380.77,42535.63,44159.37,43688.15,115.47102921,3226
1704499200,44167.55,44223.57,43479.12,43961.44,43797.26,36.01135854,918
1704585600,43973.41,44458.42,43674.59,43949.48,44063.13,44.89308008,842
1704672000,43943.85,47242.10,43249.81,46948.70,45322.30,197.62402223,2628
1704758400,46968.63,47917.15,44507.00,46118.28,46424.29,146.47584417,3257
1704844800,46083.70,47659.79,44364.12,46639.25,45960.31,183.24593202,4308
1704931200,46645.86,48977.34,45637.63,46344.04,47065.72,168.29279855,3799
1705017600,46285.30,46467.38,41464.60,42821.57,44115.00,139.28578435,3434
1705104000,42784.07,43259.03,42463.76,42827.49,42837.93,58.51708242,1343
1705190400,42825.23,43029.45,41697.76,41712.36,42444.88,64.30627911,1168
1705276800,41725.12,43303.07,41695.25,42516.95,42678.38,85.36706336,1349
1705363200,42521.42,43531.68,42100.09,43115.11,42939.70,75.92761519,1401
1705449600,43096.65,43182.74,42207.77,42721.34,42698.54,69.85926827,1208
1705536000,42721.34,42852.10,40629.12,41281.24,41769.49,72.82048736,1557
1705622400,41245.00,42143.59,40265.52,41616.20,41233.05,80.80877180,1454
1705708800,41622.08,41823.93,41440.09,41671.15,41613.97,15.87634477,414
1705795200,41665.97,41837.70,41512.49,41512.49,41655.25,21.39128859,379
1705881600,41546.45,41639.15,39408.73,39452.46,40252.81,138.19026535,1662
1705968000,39555.66,40132.99,38527.95,39802.00,39346.32,130.69649916,1659
1706054400,39855.00,40493.35,39464.79,40072.42,39904.46,72.82108958,1011
1706140800,40039.13,40248.64,39550.01,39934.55,39893.07,33.01594037,781
1706227200,39934.56,42203.60,39826.04,41834.00,41375.27,80.01172355,1375
1706313600,41784.04,42187.32,41390.95,42127.67,41723.42,34.58974267,555
1706400000,42128.03,42793.22,41677.30,42010.16,42356.06,50.70258636,776
1706486400,42038.91,43300.23,41825.53,43258.68,42673.93,63.61137279,1252
1706572800,43278.84,43811.16,42731.50,42920.63,43430.65,133.59592584,1533
1706659200,42936.25,43691.05,42262.44,42585.00,42730.17,67.99611094,1511
1706745600,42596.80,43240.00,41879.41,43045.88,42510.59,68.38142364,1174
1706832000,43041.91,43417.81,42574.05,43164.75,43037.58,39.54250111,914
1706918400,43175.63,43349.19,42884.18,42976.96,43096.00,18.11704916,480
1707004800,42976.94,43072.11,42213.71,42582.69,42777.26,34.05943474,576
1707091200,42557.96,43483.00,42298.85,42641.99,42673.90,71.76943811,1021
1707177600,42647.80,43324.65,42538.91,43093.21,42987.92,78.71284833,898
1707264000,43107.48,44348.62,42796.71,44311.88,43739.57,81.01248091,990
1707350400,44315.80,45588.14,44315.80,45325.65,45003.24,81.91413324,1449
1707436800,45320.28,48141.82,45278.92,47156.64,47148.29,180.67398410,2642
1707523200,47167.06,48139.41,46899.16,47761.25,47539.15,21.87775549,719
1707609600,47740.00,48900.00,47597.91,48265.26,48157.73,47.01814112,961
1707696000,48287.08,50308.70,47760.27,49944.59,49419.94,163.24337225,2404
1707782400,49925.59,50361.59,48372.63,49717.72,49322.28,78.17454193,1816
1707868800,49646.81,52095.64,49314.29,51865.31,51228.35,149.55281433,3397
1707955200,51836.78,52850.84,51425.40,51941.32,52077.49,144.60452310,2455
1708041600,51963.46,52568.62,51619.08,52161.43,51972.29,106.87816346,1488
1708128000,52162.59,52181.51,50683.71,51681.93,51433.77,76.50546155,1284
1708214400,51675.19,52385.16,51271.40,52112.89,51853.74,40.30783719,862
1708300800,52112.90,52463.34,51740.78,51753.06,52118.60,79.54330236,1100
1708387200,51774.41,52974.85,50796.08,52288.90,51953.58,91.26832900,1752
1708473600,52290.04,52351.37,50585.79,51840.93,51178.00,48.48075097,1174
1708560000,51855.97,52023.51,50200.00,51296.63,51510.44,102.64182032,1269
1708646400,51262.08,51482.75,50587.34,50800.00,51023.90,76.03998156,922
1708732800,50766.69,51658.31,50619.91,51557.96,51287.33,18.18121095,401
1708819200,51559.99,52049.28,51333.33,51750.00,51734.49,32.78718562,583
1708905600,51750.00,54937.30,50933.64,54519.10,52921.17,166.14911220,2217
1708992000,54563.75,57574.00,54500.00,57008.35,56722.09,228.20735741,3360
1709078400,57065.86,65000.00,56622.84,62499.71,60732.69,422.27352743,8609
1709164800,62471.30,63619.31,60252.95,61161.57,62141.36,208.94472293,3789
1709251200,61222.22,63126.00,60790.69,62470.23,61960.70,102.96222131,2205
1709337600,62432.10,62432.10,61720.16,62045.81,62054.73,21.51572996,824
1709424000,62041.35,63236.11,61481.30,63122.93,62391.48,58.31958744,1299
1709510400,63122.93,68500.00,62337.58,68380.40,65519.40,217.34165013,4435
1709596800,68278.80,69170.63,59121.52,63800.19,64824.49,444.78120159,8830
1709683200,63940.82,67583.89,62904.32,66128.21,66299.46,128.80088679,3551
1709769600,66012.28,68046.84,65695.19,66983.47,67133.87,145.08755183,2468
1709856000,66949.14,70000.00,66206.82,68283.25,68456.10,124.92445372,4146
1709942400,68237.81,68653.29,68085.78,68484.47,68359.82,20.83612956,668
1710028800,68469.45,69964.76,68289.16,69043.43,69219.51,56.36842955,1577
1710115200,69019.43,72850.94,67174.72,72121.72,71419.51,190.29987034,4687
1710201600,72093.99,73128.50,68746.00,71464.14,71216.92,166.60055232,3957
1710288000,71469.76,73666.49,71361.68,73116.30,72798.69,109.87650190,2311
1710374400,73117.83,73777.00,68550.00,71435.33,71189.71,159.81748457,3914
1710460800,71421.51,72327.77,65000.00,69412.44,68074.64,175.25135055,5454
1710547200,69487.38,69985.08,64801.24,65290.32,67492.51,82.11056535,2211
1710633600,65279.65,68841.27,64576.00,68426.43,66753.98,112.49023969,2663
1710720000,68339.37,68836.50,66600.01,67583.90,67462.95,53.16822160,1999
1710806400,67584.00,68040.32,61558.27,61933.06,63872.20,184.54497240,4437
1710892800,61883.18,68078.84,60777.00,67893.85,64205.59,169.54106600,3852
1710979200,67854.90,68181.40,64573.27,65480.64,66413.76,150.15589044,2903
1711065600,65472.52,66580.24,62355.01,63783.05,63928.53,130.59343434,2896
1711152000,63811.68,65960.12,63074.10,63950.92,64865.10,26.45169892,1518
1711238400,64079.99,67550.20,63837.75,67279.98,65878.48,31.14955720,1601
1711324800,67258.77,71168.71,66465.30,69916.94,69461.06,173.48324298,3463
1711411200,69883.33,71526.89,69333.81,69998.58,70207.38,132.29906779,2495
1711497600,69977.94,71743.60,68338.13,69455.28,69226.72,200.61615749,3789
1711584000,69352.92,71544.90,68948.86,70768.10,70583.87,115.19257662,1855
1711670400,70764.22,70912.13,69099.63,69917.11,69810.42,64.30318511,1354
1711756800,69906.53,70349.65,69621.76,69653.93,69990.15,31.31712796,743
1711843200,69660.09,71318.08,69660.09,71318.08,70526.36,25.97923265,828
1711929600,71254.39,71254.39,68078.38,69700.00,69423.72,84.36988933,1905
1712016000,69666.12,69666.12,64600.01,65454.74,66203.80,189.36484431,3871
1712102400,65476.20,66859.94,64516.80,66045.90,66101.20,67.98487714,1953
1712188800,65970.00,69272.42,65152.33,68523.22,67134.64,89.09662629,2252
1712275200,68519.70,68727.00,66048.12,67843.80,67638.61,80.65434618,2086
1712361600,67844.42,69616.78,67547.01,68859.79,68172.77,53.57071752,1170
1712448000,68950.24,70265.62,68859.79,69389.62,69510.22,36.83967079,1118
1712534400,69340.60,72684.94,69100.25,71664.00,71655.47,114.81474263,2301
1712620800,71649.79,71700.26,68259.00,69188.64,69781.46,56.05615111,1809
1712707200,69136.33,71083.48,67556.64,70622.85,69319.10,46.34411661,2037
1712793600,70607.12,71221.18,69611.41,70009.59,70413.58,98.71985273,2191
1712880000,70075.70,71180.49,65200.00,67151.34,68452.63,97.23184789,2963
1712966400,67098.35,67916.04,60830.00,63859.50,63858.82,197.47358838,6235
1713052800,64014.78,65785.28,62752.30,65755.13,64096.02,65.82474582,2874
1713139200,65741.93,66859.94,62310.26,63402.23,64729.45,71.45777750,2592
1713225600,63365.47,64311.90,61720.01,63775.56,62799.62,61.01593735,3545
1713312000,63777.03,64499.57,59766.04,61332.16,61444.51,99.29350087,2611
1713398400,61200.00,64100.05,60896.38,63498.55,63056.18,124.90641017,2570
1713484800,63340.75,65449.00,59683.78,63872.88,63384.60,105.40521204,3255
1713571200,63845.68,65395.32,63196.70,64996.46,64320.17,21.24404105,1216
1713657600,64841.28,65588.00,64287.06,64935.05,65060.70,28.96471644,1086
1713744000,64990.27,67295.70,64621.29,66894.24,66145.81,71.08349471,1885
1713830400,66848.42,67204.89,65884.63,66398.43,66437.21,62.16914427,1330
1713916800,66458.52,67083.72,63611.00,64246.36,65848.16,122.38181281,2125
1714003200,64268.40,65198.20,62811.00,64529.50,64105.35,81.24122327,2195
1714089600,64505.70,64701.80,63372.88,63819.42,64144.14,42.96133967,1336
1714176000,63775.51,63843.65,62400.01,63407.27,63194.86,51.16925203,2278
1714262400,63466.61,64242.47,62831.72,63092.34,63722.53,24.77318218,1023
1714348800,63096.49,64167.01,61840.95,63846.58,62733.19,43.85112299,2120
1714435200,63800.20,64663.18,59145.91,60667.10,60788.29,101.61082857,3322
1714521600,60702.59,60762.38,56550.00,58195.97,57875.09,101.83548163,3391
1714608000,58276.47,59587.33,56965.66,59166.13,58374.54,67.05862790,2031
1714694400,59095.01,63297.66,58847.30,62891.30,60984.36,76.37899163,2437
1714780800,62856.50,64489.05,62627.97,63860.53,63613.99,39.03009254,1548
1714867200,63874.54,64584.40,62963.59,64006.02,63899.59,19.80586325,1201
1714953600,64038.04,65430.83,62752.29,63196.50,64134.22,58.46859006,2139
1715040000,63202.90,64354.02,62331.41,62367.90,63511.49,34.98021891,1860
1715126400,62331.40,62955.83,60874.51,61188.01,62199.75,68.67234495,1856
1715212800,61189.99,63336.50,60691.70,63111.05,62245.09,49.87362223,1833
1715299200,62951.44,63428.05,60243.01,60777.31,62101.03,71.34787134,2027
1715385600,60815.59,61410.13,60512.93,60777.51,60997.67,26.68041605,907
1715472000,60835.64,61780.00,60636.07,61447.79,61252.67,9.37814312,688
1715558400,61496.97,63488.25,60800.00,62885.07,63058.81,57.87296566,1861
1715644800,62855.66,63020.45,61118.38,61539.19,62083.79,44.84813278,1830
1715731200,61594.91,66443.12,61321.06,66241.06,64441.00,68.13328432,2495
1715817600,66279.97,66681.75,64630.00,65269.25,65777.87,58.77702471,1900
1715904000,65249.07,67394.69,65173.41,67030.64,66375.98,97.44721878,2176
1715990400,67032.14,67347.39,66648.08,67000.00,67020.03,19.50343143,899
1716076800,66951.10,67688.00,65979.77,66274.08,66986.84,17.07927790,1123
1716163200,66213.83,71456.98,66100.17,71419.21,69127.80,76.40339859,3407
1716249600,71420.46,71888.00,69185.81,70170.48,70426.79,107.22350984,3907
1716336000,70103.63,70652.39,68920.04,69103.88,69652.74,42.10093530,2099
1716422400,69114.50,69987.49,66286.53,67901.90,68413.57,78.85564139,2302
1716508800,67908.87,69202.03,66605.38,68514.97,67893.23,43.57751360,1681
1716595200,68563.74,69546.86,68552.52,69276.36,68934.83,38.47117709,1324
1716681600,69242.68,69683.41,68221.71,68470.60,69176.16,18.84415702,800
1716768000,68497.13,70534.30,68273.79,69346.53,69314.15,49.38735555,1578
1716854400,69397.78,69491.55,67251.90,68220.96,68091.33,34.97796603,1942
1716940800,68242.27,68865.48,67147.06,67594.51,67714.93,29.91888843,1305
1717027200,67608.61,69470.64,67151.03,68357.46,68174.91,41.56248806,1795
1717113600,68282.49,68957.56,66629.33,67476.18,67840.77,41.30196586,1583
1717200000,67505.99,67782.43,67430.31,67674.49,67638.95,8.15190556,429
1717286400,67728.15,68349.42,67323.16,67802.22,67843.92,17.02625281,893
1717372800,67771.80,68612.90,67635.55,68567.06,68130.18,4.43884400,248
